{"cameraMode":{"drawMode":0,"name":"Shaded","section":"Shading Mode"},"sceneLighting":false,"audioPlay":false,"sceneViewState":{"showFog":false,"showMaterialUpdate":false,"showSkybox":false,"showFlares":false,"showImageEffects":false,"showParticleSystems":true},"in2DMode":false,"pivot":{"x":0.0,"y":0.31650951504707339,"z":-0.10716068744659424},"rotation":{"x":-0.17381452023983003,"y":0.6063362956047058,"z":-0.13801594078540803,"w":-0.7636075615882874},"size":2.8580894470214845,"orthographic":false}