{"cameraMode":{"drawMode":0,"name":"Shaded","section":"Shading Mode"},"sceneLighting":false,"audioPlay":false,"sceneViewState":{"showFog":false,"showMaterialUpdate":false,"showSkybox":false,"showFlares":false,"showImageEffects":false,"showParticleSystems":true},"in2DMode":false,"pivot":{"x":3.619999885559082,"y":0.07999992370605469,"z":0.06000041961669922},"rotation":{"x":0.12576234340667725,"y":-0.44184935092926028,"z":0.0627167820930481,"w":0.8860133290290833},"size":4.338669300079346,"orthographic":true}