{"cameraMode":{"drawMode":0,"name":"Shaded","section":"Shading Mode"},"sceneLighting":true,"audioPlay":false,"sceneViewState":{"showFog":false,"showMaterialUpdate":false,"showSkybox":false,"showFlares":false,"showImageEffects":false,"showParticleSystems":true},"in2DMode":false,"pivot":{"x":-0.7957789897918701,"y":-0.04022026062011719,"z":-3.5881519317626955},"rotation":{"x":0.04496649652719498,"y":0.027866024523973466,"z":-0.001254261820577085,"w":0.9985989928245544},"size":5.359909534454346,"orthographic":true}